trade_id,timestamp_entry,timestamp_exit,side,setup_type,family_id,family_name,entry_reason,exit_reason,entry_price,exit_price,qty,gross_pnl,net_pnl,fees,slippage_cost,R_multiple,holding_time,holding_time_minutes,MFE,MAE,trend_regime,vol_regime,pre_rsi,pre_atr,pre_vwap_distance
FAM_0043_oos_00000,2025-01-28T19:01:00+00:00,2025-01-28T19:03:00+00:00,long,range_breakout,FAM_0043,vwap_reversion_range_breakout_fixed_stop_fixed_tp_0043,range_breakout,tp,37959.56116121216,38031.129442938356,1.0,71.56828172619862,41.17200548453842,30.396276241660207,11.398603590622576,1.2225375658261333,0:02:00,2.0,134.52569678784494,-28.54174021216022,uptrend,high_vol,76.62912344778456,58.540762857142646,0.011817830460954436
FAM_0043_oos_00001,2025-01-28T19:20:00+00:00,2025-01-28T19:29:00+00:00,long,range_breakout,FAM_0043,vwap_reversion_range_breakout_fixed_stop_fixed_tp_0043,range_breakout,tp,38289.4535926554,38354.21960953742,1.0,64.76601688201481,34.10854760113769,30.657469280877127,11.496550980328923,1.212296180038692,0:09:00,9.0,74.86440534459689,-49.95208565540088,uptrend,low_vol,87.49175081418994,53.42425221428597,0.0037464094460903435
FAM_0043_oos_00002,2025-01-28T19:46:00+00:00,2025-01-28T19:48:00+00:00,long,range_breakout,FAM_0043,vwap_reversion_range_breakout_fixed_stop_fixed_tp_0043,range_breakout,stop,38543.784230529505,38471.412333992776,1.0,-72.37189653672976,-103.17797516253867,30.80607862580891,11.552279484678342,-1.1953258999983838,0:02:00,2.0,41.21252447049483,-71.7014525295017,uptrend,high_vol,78.91429543402326,60.54574449999979,0.00270028591406053
FAM_0043_oos_00003,2025-01-28T21:29:00+00:00,2025-01-28T21:30:00+00:00,long,range_breakout,FAM_0043,vwap_reversion_range_breakout_fixed_stop_fixed_tp_0043,range_breakout,tp,38319.89507919356,38375.502912421194,1.0,55.60783322763746,24.929674030991556,30.6781591966459,11.504309698742212,1.1961592642858536,0:01:00,1.0,100.38043980644579,-17.306191193558334,uptrend,low_vol,63.52579255762429,46.48865321428665,0.0027020770091616153
FAM_0043_oos_00004,2025-01-29T01:36:00+00:00,2025-01-29T01:38:00+00:00,long,range_breakout,FAM_0043,vwap_reversion_range_breakout_fixed_stop_fixed_tp_0043,range_breakout,tp,37287.3527280696,37349.88818450337,1.0,62.53545643376856,32.68056006873937,29.85489636502919,11.195586136885947,1.2114511339525769,0:02:00,2.0,94.77695993040106,-30.364300069602905,uptrend,high_vol,70.3975007227155,51.62028799999877,0.03070281236895977
FAM_0043_oos_00005,2025-01-29T01:54:00+00:00,2025-01-29T01:56:00+00:00,long,range_breakout,FAM_0043,vwap_reversion_range_breakout_fixed_stop_fixed_tp_0043,range_breakout,tp,37469.85929494885,37519.8416833704,1.0,49.98238842155115,19.98650803022345,29.9958803913277,11.248455146747887,1.186393065438905,0:02:00,2.0,83.87655405114492,-12.286465948855039,uptrend,low_vol,65.97025124325859,42.12970378571273,0.025223430404513067
FAM_0043_oos_00006,2025-01-29T02:19:00+00:00,2025-01-29T02:20:00+00:00,long,range_breakout,FAM_0043,vwap_reversion_range_breakout_fixed_stop_fixed_tp_0043,range_breakout,tp,37497.816810947304,37567.389566519254,1.0,69.57275557194953,39.546673020962906,30.026082550986622,11.259780956619984,1.221082479489582,0:01:00,1.0,80.24992605269654,-24.63856394730101,uptrend,high_vol,64.17940620862402,56.976294999998835,0.023927506506132522
FAM_0043_oos_00007,2025-01-29T03:16:00+00:00,2025-01-29T03:18:00+00:00,long,range_breakout,FAM_0043,vwap_reversion_range_breakout_fixed_stop_fixed_tp_0043,range_breakout,tp,37717.81084710361,37782.184774009394,1.0,64.37392690578417,34.173928657338976,30.1999982484452,11.324999343166951,1.2131786116043146,0:02:00,2.0,128.58712489638856,-10.660080103611108,uptrend,high_vol,62.14643343071768,53.06220064285714,0.018033903350315753
FAM_0043_oos_00008,2025-01-29T03:32:00+00:00,2025-01-29T03:39:00+00:00,long,range_breakout,FAM_0043,vwap_reversion_range_breakout_fixed_stop_fixed_tp_0043,range_breakout,tp,37843.2139647501,37915.84585639142,1.0,72.63189164131472,42.328267712858114,30.30362392845661,11.363858973171228,1.2241311021669135,0:07:00,7.0,78.63382224989618,-25.149722750102228,uptrend,high_vol,59.54334000740647,59.333425571427924,0.014974855277961571
FAM_0043_oos_00009,2025-01-29T07:09:00+00:00,2025-01-29T07:10:00+00:00,long,range_breakout,FAM_0043,vwap_reversion_range_breakout_fixed_stop_fixed_tp_0043,range_breakout,tp,37059.184737003954,37127.37715903022,1.0,68.19242202626629,38.517797267852615,29.674624758413668,11.127984284405125,1.2203241881115436,0:01:00,1.0,106.13588399604487,-7.943035003954719,uptrend,high_vol,68.80995221564699,55.88057885714287,0.03577755072574307
FAM_0043_oos_00010,2025-01-29T07:39:00+00:00,2025-01-29T07:40:00+00:00,long,range_breakout,FAM_0043,vwap_reversion_range_breakout_fixed_stop_fixed_tp_0043,range_breakout,tp,37103.903093751454,37164.62932756272,1.0,60.72623381126323,31.018820842737558,29.70741296852567,11.140279863197126,1.2089969126072386,0:01:00,1.0,71.44165924854315,-7.07026275145472,uptrend,low_vol,65.45595274407567,50.228609499999685,0.03471514632160381
FAM_0043_oos_00011,2025-01-29T07:54:00+00:00,2025-01-29T08:04:00+00:00,long,range_breakout,FAM_0043,vwap_reversion_range_breakout_fixed_stop_fixed_tp_0043,range_breakout,tp,37237.743735836804,37310.001459802574,1.0,72.2577239657694,42.43862588751365,29.819098078255752,11.182161779345906,1.2250994475544887,0:10:00,10.0,85.26335016319354,-51.36786983680213,uptrend,high_vol,65.61973071036121,58.98110892857169,0.031096006079981833
FAM_0043_oos_00012,2025-01-29T08:21:00+00:00,2025-01-29T08:26:00+00:00,long,range_breakout,FAM_0043,vwap_reversion_range_breakout_fixed_stop_fixed_tp_0043,range_breakout,tp,37383.18123819031,37446.45862854717,1.0,63.27739035685954,33.34553441016455,29.93185594669499,11.224445980010621,1.2123653470704279,0:05:00,5.0,70.30940480969002,-44.1202251903087,uptrend,low_vol,75.9594630995523,52.19333471428503,0.027772615643677685
FAM_0043_oos_00013,2025-01-29T08:41:00+00:00,2025-01-29T08:42:00+00:00,long,range_breakout,FAM_0043,vwap_reversion_range_breakout_fixed_stop_fixed_tp_0043,range_breakout,tp,37546.41823906815,37609.87485371096,1.0,63.4566146428042,33.39409740569255,30.062517237111646,11.273443963916867,1.2122143789150064,0:01:00,1.0,82.36032693184825,-27.0941840681553,uptrend,low_vol,71.53049444136715,52.34768350000013,0.02305784959614971
FAM_0043_oos_00014,2025-01-29T08:56:00+00:00,2025-01-29T08:58:00+00:00,long,range_breakout,FAM_0043,vwap_reversion_range_breakout_fixed_stop_fixed_tp_0043,range_breakout,tp,37834.61801755141,37900.1516715879,1.0,65.53365403648786,35.23974616083214,30.29390787565572,11.360215453370895,1.214616604871176,0:02:00,2.0,125.67608844859205,-11.791839551406156,uptrend,high_vol,81.04366571609951,53.954189142856194,0.01503686150691678
FAM_0043_oos_00015,2025-01-29T09:13:00+00:00,2025-01-29T09:15:00+00:00,long,range_breakout,FAM_0043,vwap_reversion_range_breakout_fixed_stop_fixed_tp_0043,range_breakout,stop,38000.8794190213,37936.67533266101,1.0,-64.20408636028878,-94.5791082609617,30.375021900672927,11.390633212752347,-1.206993646629154,0:02:00,2.0,28.81675997869752,-98.0772850213034,uptrend,low_vol,63.18673827399369,53.19339214285719,0.011015468072622462
FAM_0043_oos_00016,2025-01-29T09:47:00+00:00,2025-01-29T09:50:00+00:00,long,range_breakout,FAM_0043,vwap_reversion_range_breakout_fixed_stop_fixed_tp_0043,range_breakout,tp,38033.76029141246,38086.987643468725,1.0,53.22735205626668,22.779052882314204,30.448299173952478,11.41811219023218,1.1920360702302433,0:03:00,3.0,58.97699358754471,-28.766607412457233,uptrend,low_vol,69.84557340611858,44.652467642857246,0.01027296932292395
FAM_0043_oos_00017,2025-01-29T12:17:00+00:00,2025-01-29T12:25:00+00:00,long,range_breakout,FAM_0043,vwap_reversion_range_breakout_fixed_stop_fixed_tp_0043,range_breakout,stop,37455.46353190825,37388.034039395374,1.0,-67.42949251287791,-97.36689154139937,29.93739902852145,11.226524635695544,-1.1998043770641083,0:08:00,8.0,51.052187091750966,-97.42083390825428,uptrend,high_vol,64.76828789302579,56.20040550000028,0.025453432795618836
FAM_0043_oos_00018,2025-01-29T13:44:00+00:00,2025-01-29T13:47:00+00:00,long,range_breakout,FAM_0043,vwap_reversion_range_breakout_fixed_stop_fixed_tp_0043,range_breakout,stop,37057.06565118875,36991.12713529324,1.0,-65.93851589551196,-95.55779301010475,29.619277114592794,11.107228917972298,-1.2010854656992471,0:03:00,3.0,51.53284381124831,-85.6138361887497,uptrend,high_vol,89.7084700800718,54.89910399999956,0.036337332641666074
FAM_0043_oos_00019,2025-01-29T14:22:00+00:00,2025-01-29T14:28:00+00:00,long,range_breakout,FAM_0043,vwap_reversion_range_breakout_fixed_stop_fixed_tp_0043,range_breakout,stop,37097.480613523905,37031.61954106345,1.0,-65.86107246045867,-95.51271252229361,29.651640061834943,11.119365023188104,-1.2013362674854429,0:06:00,6.0,46.984425476097385,-98.52035452390555,uptrend,high_vol,64.42736662658267,54.823178357141714,0.035560706655190864
FAM_0043_oos_00020,2025-01-29T14:57:00+00:00,2025-01-29T14:58:00+00:00,long,range_breakout,FAM_0043,vwap_reversion_range_breakout_fixed_stop_fixed_tp_0043,range_breakout,tp,37265.77891548305,37332.43461889871,1.0,66.65570341565763,36.81641800190492,29.839285413752705,11.189732030157264,1.2176847711179597,0:01:00,1.0,79.56454951694468,-19.965662483053165,uptrend,high_vol,56.76122168581896,54.739703571428564,0.030082910015150933
FAM_0043_oos_00021,2025-01-29T15:17:00+00:00,2025-01-29T15:20:00+00:00,long,range_breakout,FAM_0043,vwap_reversion_range_breakout_fixed_stop_fixed_tp_0043,range_breakout,stop,37562.121373185,37500.999212854,1.0,-61.12216033099685,-91.14740856541245,30.025248234415603,11.25946808790585,-1.2115138854174377,0:03:00,3.0,36.4902858150017,-55.80285118499887,uptrend,low_vol,74.35111409329846,50.451060500000104,0.023202466277134765
FAM_0043_oos_00022,2025-01-29T16:29:00+00:00,2025-01-29T16:31:00+00:00,long,range_breakout,FAM_0043,vwap_reversion_range_breakout_fixed_stop_fixed_tp_0043,range_breakout,stop,37661.4847294531,37601.07330739163,1.0,-60.41142206147197,-90.51644527620985,30.10502321473789,11.28938370552671,-1.2132930592233435,0:02:00,2.0,58.581180546898395,-56.72108445310005,uptrend,low_vol,64.09001183705982,49.79128628571353,0.019740149357228176
FAM_0043_oos_00023,2025-01-29T19:22:00+00:00,2025-01-29T19:24:00+00:00,long,range_breakout,FAM_0043,vwap_reversion_range_breakout_fixed_stop_fixed_tp_0043,range_breakout,stop,36952.03200650495,36888.55986500809,1.0,-63.47214149686624,-93.00837824547146,29.536236748605216,11.076088780726955,-1.2050696024426377,0:02:00,2.0,25.614073495045886,-67.72358950495254,uptrend,high_vol,72.82287936476817,52.67093399999898,0.0398284475646619
FAM_0043_oos_00024,2025-01-29T19:42:00+00:00,2025-01-29T19:48:00+00:00,long,range_breakout,FAM_0043,vwap_reversion_range_breakout_fixed_stop_fixed_tp_0043,range_breakout,tp,37046.21766023416,37113.82645568514,1.0,67.60879545098578,37.944777804618056,29.66401764636772,11.124006617387895,1.2195631174503985,0:06:00,6.0,81.38523776584043,-15.660960234155937,uptrend,high_vol,77.39823323862474,55.436897428571164,0.0355590650128053
FAM_0043_oos_00025,2025-01-29T20:26:00+00:00,2025-01-29T20:27:00+00:00,long,range_breakout,FAM_0043,vwap_reversion_range_breakout_fixed_stop_fixed_tp_0043,range_breakout,tp,37485.8045593798,37543.179734588484,1.0,57.375175208682776,27.363581491095463,30.011593717587314,11.254347644095242,1.2020034894144207,0:01:00,1.0,74.75372762019833,-10.78066837980441,uptrend,low_vol,60.21105813197253,47.73295228571442,0.024125237089029195
FAM_0043_oos_00026,2025-01-29T20:47:00+00:00,2025-01-29T20:48:00+00:00,long,range_breakout,FAM_0043,vwap_reversion_range_breakout_fixed_stop_fixed_tp_0043,range_breakout,tp,37632.1538824859,37706.88242325313,1.0,74.7285407672316,44.592926244935995,30.135614522295615,11.300855445860856,1.2271089927827745,0:01:00,1.0,117.96478951409517,-35.62018248590175,uptrend,high_vol,58.50945041050084,60.89804671428491,0.01892230050977304
FAM_0043_oos_00027,2025-01-29T21:05:00+00:00,2025-01-29T21:06:00+00:00,long,range_breakout,FAM_0043,vwap_reversion_range_breakout_fixed_stop_fixed_tp_0043,range_breakout,tp,37705.690432314055,37774.65354809034,1.0,68.96311577628512,38.770978184123365,30.19213759216176,11.32205159706066,1.2197656833084973,0:01:00,1.0,100.37754968594527,-15.913674314055243,uptrend,high_vol,69.2643371049209,56.538002928570286,0.016995722039623504
FAM_0043_oos_00028,2025-01-29T21:48:00+00:00,2025-01-29T21:52:00+00:00,long,range_breakout,FAM_0043,vwap_reversion_range_breakout_fixed_stop_fixed_tp_0043,range_breakout,tp,38022.436702128805,38085.67840335198,1.0,63.24170122317446,32.798455180982145,30.443246042192314,11.416217265822118,1.2106235836255224,0:04:00,4.0,95.12872887119738,-26.159998128801817,uptrend,low_vol,93.30543147223747,52.23894700000009,0.0102542857843716
FAM_0043_oos_00029,2025-01-30T02:00:00+00:00,2025-01-30T02:04:00+00:00,long,range_breakout,FAM_0043,vwap_reversion_range_breakout_fixed_stop_fixed_tp_0043,range_breakout,tp,36981.3376926986,37058.79929554191,1.0,77.46160284330836,47.84554804801215,29.616054795296204,11.106020548236076,1.2316040473660779,0:04:00,4.0,101.6511013013951,-7.8293886985993595,uptrend,high_vol,78.33531914949693,62.89489142856993,0.03811569171386847
FAM_0043_oos_00030,2025-01-30T02:22:00+00:00,2025-01-30T02:23:00+00:00,long,range_breakout,FAM_0043,vwap_reversion_range_breakout_fixed_stop_fixed_tp_0043,range_breakout,tp,37063.32064729745,37126.388238766864,1.0,63.067591469414765,33.39170791498904,29.675883554425724,11.128456332909648,1.2128845020339623,0:01:00,1.0,124.8941307025525,-12.213747297450027,uptrend,high_vol,63.71789935881468,51.99801907142838,0.034723273502621214
FAM_0043_oos_00031,2025-01-30T02:51:00+00:00,2025-01-30T02:52:00+00:00,long,range_breakout,FAM_0043,vwap_reversion_range_breakout_fixed_stop_fixed_tp_0043,range_breakout,tp,37316.069309910854,37361.34520357108,1.0,45.27589366022585,15.404927854833076,29.87096580539277,11.20161217702229,1.1745888361485275,0:01:00,1.0,84.5534640891492,-15.91006491085136,uptrend,low_vol,85.72319926105095,38.5461637857131,0.027817885782957158
FAM_0043_oos_00032,2025-01-30T03:20:00+00:00,2025-01-30T03:24:00+00:00,long,range_breakout,FAM_0043,vwap_reversion_range_breakout_fixed_stop_fixed_tp_0043,range_breakout,tp,37512.697067651054,37591.66628726858,1.0,78.96921961752378,48.92747427555592,30.04174534196785,11.265654503237943,1.232015473535452,0:04:00,4.0,121.88000434894639,-23.224947651055118,uptrend,high_vol,57.78951746294988,64.09758749999934,0.02245785694920449
FAM_0043_oos_00033,2025-01-30T03:45:00+00:00,2025-01-30T03:47:00+00:00,long,range_breakout,FAM_0043,vwap_reversion_range_breakout_fixed_stop_fixed_tp_0043,range_breakout,tp,37658.0634403367,37713.51312498375,1.0,55.44968464705016,25.301054020921978,30.148630626128185,11.305736484798068,1.197782784595096,0:02:00,2.0,70.241307663302,-19.450446336697496,uptrend,low_vol,70.46800339724973,46.293606285714695,0.01886485350957073
FAM_0043_oos_00034,2025-01-30T04:28:00+00:00,2025-01-30T04:32:00+00:00,long,range_breakout,FAM_0043,vwap_reversion_range_breakout_fixed_stop_fixed_tp_0043,range_breakout,stop,37707.61254558781,37638.04724384669,1.0,-69.56530174111685,-99.70356565689065,30.138263915773795,11.301848968415174,-1.1971735164035096,0:04:00,4.0,33.13123441219068,-79.55375358780293,uptrend,high_vol,61.95651660554239,58.10795242857057,0.018106520207280208
FAM_0043_oos_00035,2025-01-30T04:58:00+00:00,2025-01-30T04:59:00+00:00,long,range_breakout,FAM_0043,vwap_reversion_range_breakout_fixed_stop_fixed_tp_0043,range_breakout,tp,37720.56899276341,37780.18772419446,1.0,59.618731431051856,29.41842874426871,30.200302686783147,11.32511350754368,1.2054037690564314,0:01:00,1.0,68.78142623659369,-14.968603763409192,uptrend,low_vol,67.03564683831853,49.45955285714341,0.01709738336820705
FAM_0043_oos_00036,2025-01-30T07:57:00+00:00,2025-01-30T07:58:00+00:00,long,range_breakout,FAM_0043,vwap_reversion_range_breakout_fixed_stop_fixed_tp_0043,range_breakout,tp,36670.49724162381,36735.67688773106,1.0,65.17964610725176,35.81717645550981,29.362469651741947,11.01092611940323,1.2170905303632447,0:01:00,1.0,81.25021937619022,-23.312984623808006,uptrend,high_vol,68.74967663057741,53.553654785713924,0.04699439218153194
FAM_0043_oos_00037,2025-01-30T08:41:00+00:00,2025-01-30T08:47:00+00:00,long,range_breakout,FAM_0043,vwap_reversion_range_breakout_fixed_stop_fixed_tp_0043,range_breakout,stop,36684.59022025355,36625.46619592754,1.0,-59.12402432601084,-88.44804689248328,29.324022566472436,10.996508462427164,-1.212701443028748,0:06:00,6.0,45.90407074645191,-80.07983425354905,uptrend,low_vol,57.040614281513044,48.75398200000044,0.046412249275808865
FAM_0043_oos_00038,2025-01-30T09:03:00+00:00,2025-01-30T09:09:00+00:00,long,range_breakout,FAM_0043,vwap_reversion_range_breakout_fixed_stop_fixed_tp_0043,range_breakout,tp,36768.717690481506,36833.396027027426,1.0,64.67833654591959,35.23749105891602,29.440845487003575,11.040317057626341,1.2161015274512899,0:06:00,6.0,81.38884251849231,-18.447756481502438,uptrend,high_vol,79.91865834004167,53.18498092857148,0.04364094918744779
FAM_0043_oos_00039,2025-01-30T09:50:00+00:00,2025-01-30T09:53:00+00:00,long,range_breakout,FAM_0043,vwap_reversion_range_breakout_fixed_stop_fixed_tp_0043,range_breakout,tp,36882.5431937463,36954.30171095313,1.0,71.7585172068284,42.22377924494863,29.534737961879767,11.075526735704914,1.2253322983068875,0:03:00,3.0,128.4354432537002,-18.018372746300884,uptrend,high_vol,59.86714585672697,58.56249550000108,0.03926453307952245
FAM_0043_oos_00040,2025-01-30T10:07:00+00:00,2025-01-30T10:13:00+00:00,long,range_breakout,FAM_0043,vwap_reversion_range_breakout_fixed_stop_fixed_tp_0043,range_breakout,stop,37138.2151147827,37078.356272932164,1.0,-59.85884185053874,-89.54547040562468,29.686628555085946,11.13248570815723,-1.2126937156340711,0:06:00,6.0,52.278992217296036,-100.71054978269967,uptrend,low_vol,78.45602997778306,49.36023092857223,0.03310662019509875
FAM_0043_oos_00041,2025-01-30T10:31:00+00:00,2025-01-30T10:34:00+00:00,long,range_breakout,FAM_0043,vwap_reversion_range_breakout_fixed_stop_fixed_tp_0043,range_breakout,tp,37168.646305776754,37232.1300241531,1.0,63.48371837634477,33.72340784437283,29.760310531971943,11.160116449489477,1.2132512762889878,0:03:00,3.0,80.66197822324466,-20.704823776752164,uptrend,high_vol,70.79698595097919,52.32528464285757,0.03218532896262589
FAM_0043_oos_00042,2025-01-30T10:48:00+00:00,2025-01-30T10:50:00+00:00,long,range_breakout,FAM_0043,vwap_reversion_range_breakout_fixed_stop_fixed_tp_0043,range_breakout,tp,37300.54884319,37347.934276913875,1.0,47.385433723873575,17.526040475832026,29.85939324804155,11.19727246801558,1.180422443198589,0:02:00,2.0,68.13337881000189,-13.241098190002958,uptrend,low_vol,67.42274935497535,40.14277599999956,0.028690621855026202
FAM_0043_oos_00043,2025-01-30T14:09:00+00:00,2025-01-30T14:10:00+00:00,long,range_breakout,FAM_0043,vwap_reversion_range_breakout_fixed_stop_fixed_tp_0043,range_breakout,tp,36546.583399335104,36602.18869400964,1.0,55.60529467453307,26.345785837195173,29.259508837337897,10.97231581400171,1.2013626485932811,0:01:00,1.0,136.0145936648987,-9.79600633510563,uptrend,low_vol,75.37692085143844,46.28518685714256,0.04851741019311792
FAM_0043_oos_00044,2025-01-30T14:32:00+00:00,2025-01-30T14:34:00+00:00,long,range_breakout,FAM_0043,vwap_reversion_range_breakout_fixed_stop_fixed_tp_0043,range_breakout,tp,36821.450212173455,36874.08833989673,1.0,52.63812772327219,23.15991230244412,29.47821542082807,11.054330782810528,1.1944686963333413,0:02:00,2.0,82.01450282654696,-17.305631173454458,uptrend,low_vol,65.4286287136697,44.06823542857247,0.042343870636599334
FAM_0043_oos_00045,2025-01-30T14:53:00+00:00,2025-01-30T14:54:00+00:00,long,range_breakout,FAM_0043,vwap_reversion_range_breakout_fixed_stop_fixed_tp_0043,range_breakout,tp,37039.3326766415,37094.61330220073,1.0,55.28062555922952,25.62704716769263,29.65357839153689,11.120091896826334,1.1992709909089077,0:01:00,1.0,76.0165313585021,-19.43157164150034,uptrend,low_vol,72.98998601940582,46.09519114285753,0.03586227347412471
FAM_0043_oos_00046,2025-01-30T15:21:00+00:00,2025-01-30T15:22:00+00:00,long,range_breakout,FAM_0043,vwap_reversion_range_breakout_fixed_stop_fixed_tp_0043,range_breakout,tp,37197.91079679205,37276.32564078849,1.0,78.41484399644105,48.625149421408835,29.789694575032218,11.171135465637082,1.2321286538018472,0:01:00,1.0,118.35920320794685,-24.452151792051154,uptrend,high_vol,64.80353817926073,63.64176642857274,0.030621368326469407
FAM_0043_oos_00047,2025-01-30T15:40:00+00:00,2025-01-30T15:41:00+00:00,long,range_breakout,FAM_0043,vwap_reversion_range_breakout_fixed_stop_fixed_tp_0043,range_breakout,tp,37489.660559693104,37549.811214830515,1.0,60.15065513741138,30.13486642760193,30.015788709809446,11.255920766178543,1.2069636810695243,0:01:00,1.0,108.32607730689779,-20.94294269310194,uptrend,low_vol,81.09552697191535,49.836342285712554,0.022883392727460396
FAM_0043_oos_00048,2025-01-30T16:22:00+00:00,2025-01-30T16:24:00+00:00,long,range_breakout,FAM_0043,vwap_reversion_range_breakout_fixed_stop_fixed_tp_0043,range_breakout,tp,37653.86099706475,37716.10498806545,1.0,62.24399100069422,32.09600460664214,30.14798639405208,11.30549489776953,1.2100049921485871,0:02:00,2.0,103.65287593525136,-11.600079064752208,uptrend,low_vol,67.91329469776935,51.441102642856485,0.01865002286967002
FAM_0043_oos_00049,2025-01-30T16:57:00+00:00,2025-01-30T16:58:00+00:00,long,range_breakout,FAM_0043,vwap_reversion_range_breakout_fixed_stop_fixed_tp_0043,range_breakout,tp,37971.53090440435,38043.668896610325,1.0,72.13799220597139,41.731912285565514,30.406079920405872,11.402279970152202,1.2232212996511962,0:01:00,1.0,88.82605759564467,-24.4422724043543,uptrend,high_vol,74.81250425690779,58.97378685714388,0.009955373855893913
FAM_0043_oos_00050,2025-01-30T17:38:00+00:00,2025-01-30T17:39:00+00:00,long,range_breakout,FAM_0043,vwap_reversion_range_breakout_fixed_stop_fixed_tp_0043,range_breakout,tp,37939.5605925768,38008.58043599005,1.0,69.01984341324714,38.64058700182041,30.37925641142674,11.392221154285027,1.2192688982828819,0:01:00,1.0,97.97848642319877,-8.511776576800912,uptrend,low_vol,83.43643413117411,56.60756500000103,0.010888835940436555
FAM_0043_oos_00051,2025-01-30T20:05:00+00:00,2025-01-30T20:12:00+00:00,long,range_breakout,FAM_0043,vwap_reversion_range_breakout_fixed_stop_fixed_tp_0043,range_breakout,tp,37357.524254219905,37417.81421223238,1.0,60.2899580124722,30.379822625891283,29.910135386580915,11.216300769967843,1.2075652761945177,0:07:00,7.0,99.31148278009641,-35.516895219901926,uptrend,low_vol,63.49784298963744,49.92687285714315,0.027074586166414675
FAM_0043_oos_00052,2025-01-30T20:44:00+00:00,2025-01-30T20:45:00+00:00,long,range_breakout,FAM_0043,vwap_reversion_range_breakout_fixed_stop_fixed_tp_0043,range_breakout,tp,37297.443982530756,37369.230419256906,1.0,71.78643672614999,41.91976696543492,29.866669760715066,11.20000116026815,1.2243808877389284,0:01:00,1.0,103.28378446924035,-18.679881530755665,uptrend,high_vol,74.05030964499075,58.630804714286306,0.027378767102225064
FAM_0043_oos_00053,2025-01-30T21:01:00+00:00,2025-01-30T21:02:00+00:00,long,range_breakout,FAM_0043,vwap_reversion_range_breakout_fixed_stop_fixed_tp_0043,range_breakout,tp,37537.164149162854,37588.13911787231,1.0,50.97496870945906,20.924847402644996,30.050121306814066,11.268795490055275,1.1885208001048517,0:01:00,1.0,76.68873383714526,-27.145643162853958,uptrend,low_vol,79.65873449156705,42.88942078571407,0.02128574804157832
FAM_0043_oos_00054,2025-01-30T21:37:00+00:00,2025-01-30T21:39:00+00:00,long,range_breakout,FAM_0043,vwap_reversion_range_breakout_fixed_stop_fixed_tp_0043,range_breakout,tp,37631.31420755356,37692.33480274267,1.0,61.02059518911119,30.8911355849927,30.12945960411849,11.298547351544435,1.2080514577707966,0:02:00,2.0,113.65827144643845,-19.2716365535598,uptrend,high_vol,69.67424150959997,50.51158607142757,0.01934821257385243
FAM_0043_oos_00055,2025-01-30T21:54:00+00:00,2025-01-30T22:03:00+00:00,long,range_breakout,FAM_0043,vwap_reversion_range_breakout_fixed_stop_fixed_tp_0043,range_breakout,tp,37795.572224560856,37876.50426463196,1.0,80.93204007110762,50.6632094754305,30.268830595677123,11.350811473378922,1.2334015162268506,0:09:00,9.0,112.34007243914675,-12.541823560852208,uptrend,high_vol,57.20966178391998,65.61694549999967,0.015237828805219443
FAM_0043_oos_00056,2025-01-30T22:17:00+00:00,2025-01-30T22:19:00+00:00,long,range_breakout,FAM_0043,vwap_reversion_range_breakout_fixed_stop_fixed_tp_0043,range_breakout,tp,37930.903462202004,38011.158298480725,1.0,80.25483627872018,49.878011574447086,30.37682470427309,11.391309264102409,1.2324293955473207,0:02:00,2.0,110.79396679799538,-20.53772420200403,uptrend,high_vol,58.991277144033184,65.11921621428597,0.010941956228458758
FAM_0043_oos_00057,2025-01-30T22:33:00+00:00,2025-01-30T22:34:00+00:00,long,range_breakout,FAM_0043,vwap_reversion_range_breakout_fixed_stop_fixed_tp_0043,range_breakout,stop,38095.19036454146,38041.939894813746,1.0,-53.25046972771088,-83.70532183145296,30.454852103742084,11.420569538903282,-1.2320450782108725,0:01:00,1.0,54.70777045854629,-56.25779154145857,uptrend,low_vol,65.56327788273924,43.221202428572724,0.007026550724027131
FAM_0043_oos_00058,2025-01-30T22:52:00+00:00,2025-01-30T22:53:00+00:00,long,range_breakout,FAM_0043,vwap_reversion_range_breakout_fixed_stop_fixed_tp_0043,range_breakout,tp,38273.61784664975,38317.772739499596,1.0,44.154892849845055,13.518336615385312,30.636556234459743,11.488708587922403,1.1679451497630875,0:01:00,1.0,68.95782435024739,-20.709806649749225,uptrend,low_vol,85.11016750502684,37.805622000000376,0.0020289647306962286
FAM_0043_oos_00059,2025-01-31T01:54:00+00:00,2025-01-31T01:58:00+00:00,long,range_breakout,FAM_0043,vwap_reversion_range_breakout_fixed_stop_fixed_tp_0043,range_breakout,tp,37936.53361459821,37993.758408217735,1.0,57.22479361952719,26.852676810400816,30.372116809126375,11.38954380342239,1.2004302400899036,0:04:00,4.0,64.89669540179602,-9.244678598210157,uptrend,low_vol,66.69750836843717,47.670236642856516,0.01089514446029112
FAM_0043_oos_00060,2025-01-31T03:14:00+00:00,2025-01-31T03:18:00+00:00,long,range_breakout,FAM_0043,vwap_reversion_range_breakout_fixed_stop_fixed_tp_0043,range_breakout,tp,37887.80708971566,37947.07319451353,1.0,59.26610479786905,28.932152684177378,30.33395211369167,11.375232042634376,1.204317101392377,0:04:00,4.0,116.84047228434065,-10.276582715654513,uptrend,low_vol,79.91153688569284,49.211378571427694,0.012606162129252163
FAM_0043_oos_00061,2025-01-31T03:37:00+00:00,2025-01-31T03:47:00+00:00,long,range_breakout,FAM_0043,vwap_reversion_range_breakout_fixed_stop_fixed_tp_0043,range_breakout,tp,38158.61113122971,38226.826366802066,1.0,68.21523557235923,37.66106057314653,30.554174999212705,11.457815624704764,1.2176330646405775,0:10:00,10.0,75.01069377029489,-29.91966422971018,uptrend,high_vol,74.08325630308963,56.02281800000024,0.00539526956858121
FAM_0043_oos_00062,2025-01-31T04:08:00+00:00,2025-01-31T04:10:00+00:00,long,range_breakout,FAM_0043,vwap_reversion_range_breakout_fixed_stop_fixed_tp_0043,range_breakout,tp,38481.87328428035,38547.31742257935,1.0,65.44413829899713,34.63246201625326,30.81167628274388,11.554378606028953,1.2128285228717415,0:02:00,2.0,76.75897071964573,-22.486795280354272,uptrend,high_vol,80.92481479716258,53.95992678571357,0.0034407304366840443
FAM_0043_oos_00063,2025-01-31T05:14:00+00:00,2025-01-31T05:18:00+00:00,long,range_breakout,FAM_0043,vwap_reversion_range_breakout_fixed_stop_fixed_tp_0043,range_breakout,tp,38472.359142373105,38538.17989224442,1.0,65.82074987131637,35.01653425746936,30.80421561384701,11.551580855192627,1.213415439501904,0:04:00,4.0,94.84412362689181,-22.522125373106974,uptrend,high_vol,77.24845908735185,54.244200071429596,0.0030605304615091483
FAM_0043_oos_00064,2025-01-31T09:27:00+00:00,2025-01-31T09:29:00+00:00,long,range_breakout,FAM_0043,vwap_reversion_range_breakout_fixed_stop_fixed_tp_0043,range_breakout,tp,37625.09876737735,37688.70123811435,1.0,63.60247073700157,33.47695073480489,30.125520002196684,11.297070000823757,1.2122343895339853,0:02:00,2.0,81.34825162265042,-18.27516237735108,uptrend,high_vol,68.36499431894457,52.46713942857189,0.019198841284780832
FAM_0043_oos_00065,2025-01-31T09:55:00+00:00,2025-01-31T09:56:00+00:00,long,range_breakout,FAM_0043,vwap_reversion_range_breakout_fixed_stop_fixed_tp_0043,range_breakout,tp,37733.2191600039,37795.31316836938,1.0,62.09400836547866,31.882595434129342,30.211412931349315,11.329279849255993,1.2095493553658745,0:01:00,1.0,80.13906299610244,-25.150040003900358,uptrend,high_vol,80.64490734646947,51.33648171428805,0.015553155579717348
FAM_0043_oos_00066,2025-01-31T10:14:00+00:00,2025-01-31T10:19:00+00:00,long,range_breakout,FAM_0043,vwap_reversion_range_breakout_fixed_stop_fixed_tp_0043,range_breakout,stop,37946.6790601868,37872.750655402335,1.0,-73.92840478446305,-104.25617667069871,30.32777188623565,11.37291445733837,-1.19157874080284,0:05:00,5.0,39.26435581320402,-70.40106018679944,uptrend,high_vol,76.71888416046666,62.04239992856986,0.011078994432496237
FAM_0043_oos_00067,2025-01-31T10:35:00+00:00,2025-01-31T10:37:00+00:00,long,range_breakout,FAM_0043,vwap_reversion_range_breakout_fixed_stop_fixed_tp_0043,range_breakout,tp,38055.9799968684,38124.21375032807,1.0,68.23375345966633,37.76167596078775,30.472077498878583,11.42702906207947,1.2179121613680997,0:02:00,2.0,84.72641913159896,-25.381155868402857,uptrend,high_vol,69.42216128323135,56.02518442857191,0.007883031941592147
FAM_0043_oos_00068,2025-01-31T10:53:00+00:00,2025-01-31T11:06:00+00:00,long,range_breakout,FAM_0043,vwap_reversion_range_breakout_fixed_stop_fixed_tp_0043,range_breakout,tp,38246.15195338365,38324.4458584012,1.0,78.29390501755552,47.665665892841574,30.628239124713943,11.485589671767729,1.2296969471882853,0:13:00,13.0,88.53577761635097,-40.65498438364739,uptrend,high_vol,65.60305837892203,63.66926842857148,0.0026290915225907403
FAM_0043_oos_00069,2025-01-31T11:55:00+00:00,2025-01-31T11:56:00+00:00,long,range_breakout,FAM_0043,vwap_reversion_range_breakout_fixed_stop_fixed_tp_0043,range_breakout,tp,38378.9585443846,38444.02841017409,1.0,65.06986578949,34.340671007666515,30.72919478182348,11.523448043183805,1.2125275835498914,0:01:00,1.0,73.35086061539914,-29.250276384598692,uptrend,high_vol,70.00574549018964,53.66464785714301,0.0013694349597405456
FAM_0043_oos_00070,2025-01-31T13:00:00+00:00,2025-01-31T13:02:00+00:00,long,range_breakout,FAM_0043,vwap_reversion_range_breakout_fixed_stop_fixed_tp_0043,range_breakout,stop,38516.1687228246,38460.50058373881,1.0,-55.66813908579206,-86.45880680841744,30.79066772262537,11.546500395984513,-1.2271976709591017,0:02:00,2.0,31.832800175398006,-96.92610482460441,uptrend,low_vol,68.35993674811334,45.36199864285767,0.003604604017966338
FAM_0043_oos_00071,2025-01-31T15:30:00+00:00,2025-01-31T15:31:00+00:00,long,range_breakout,FAM_0043,vwap_reversion_range_breakout_fixed_stop_fixed_tp_0043,range_breakout,tp,37852.63062503731,37917.48483022994,1.0,64.85420519263425,34.546159010527354,30.3080461821069,11.365517318290088,1.213556805756126,0:01:00,1.0,88.26800396269391,-15.7995630373116,uptrend,low_vol,58.80525265187681,53.44142514285704,0.01271659482375121
FAM_0043_oos_00072,2025-01-31T16:11:00+00:00,2025-01-31T16:12:00+00:00,long,range_breakout,FAM_0043,vwap_reversion_range_breakout_fixed_stop_fixed_tp_0043,range_breakout,tp,37978.15987960151,38040.30340713807,1.0,62.143527536558395,31.73614222186257,30.407385314695826,11.402769493010936,1.2089747619206819,0:01:00,1.0,129.16486539848847,-16.822935601507197,uptrend,low_vol,67.56329638044951,51.40184021428441,0.008885089795869326
FAM_0043_oos_00073,2025-01-31T16:27:00+00:00,2025-01-31T16:28:00+00:00,long,range_breakout,FAM_0043,vwap_reversion_range_breakout_fixed_stop_fixed_tp_0043,range_breakout,tp,38126.70378484555,38187.97485375343,1.0,61.27106890788127,30.74519745244168,30.525871455439592,11.447201795789846,1.2071292638226128,0:01:00,1.0,69.48174415445101,-7.114455845548946,uptrend,low_vol,60.54373006416457,50.757670071428166,0.004905584028284905
FAM_0043_oos_00074,2025-01-31T16:55:00+00:00,2025-01-31T16:56:00+00:00,long,range_breakout,FAM_0043,vwap_reversion_range_breakout_fixed_stop_fixed_tp_0043,range_breakout,tp,38532.649346547405,38605.42436858833,1.0,72.77502204092161,41.91979255486732,30.85522948605429,11.570711057270358,1.222693884981325,0:01:00,1.0,122.96018845259823,-16.63818254740181,uptrend,high_vol,59.042977951043355,59.52023064285667,0.005530876544523202
FAM_0043_oos_00075,2025-01-31T17:32:00+00:00,2025-01-31T17:41:00+00:00,long,range_breakout,FAM_0043,vwap_reversion_range_breakout_fixed_stop_fixed_tp_0043,range_breakout,stop,38729.68393230266,38661.97175575728,1.0,-67.71217654537759,-98.66883882060156,30.956662275223977,11.608748353208991,-1.2030524172564712,0:09:00,9.0,66.86219069734216,-66.5636373026573,uptrend,low_vol,62.20050722211898,56.28364614285913,0.010043638115922116
FAM_0043_oos_00076,2025-01-31T19:37:00+00:00,2025-01-31T19:38:00+00:00,long,range_breakout,FAM_0043,vwap_reversion_range_breakout_fixed_stop_fixed_tp_0043,range_breakout,tp,38725.35064440696,38781.88872096398,1.0,56.53807655702258,25.5351808108742,31.00289574614838,11.626085904805642,1.1968372359199915,0:01:00,1.0,67.29410059304064,-9.546169406959962,uptrend,low_vol,68.37370593775061,47.23957014285718,0.010521287340464747
FAM_0043_oos_00077,2025-01-31T20:09:00+00:00,2025-01-31T20:10:00+00:00,long,range_breakout,FAM_0043,vwap_reversion_range_breakout_fixed_stop_fixed_tp_0043,range_breakout,tp,38747.894228437406,38825.83232642188,1.0,77.93809798447182,46.90860736252811,31.029490621943715,11.636058983228892,1.22820908768584,0:01:00,1.0,106.17689356259507,-21.15905943740654,uptrend,high_vol,57.58022400519142,63.45670192857194,0.011951322572295182
FAM_0043_oos_00078,2025-01-31T20:33:00+00:00,2025-01-31T20:34:00+00:00,long,range_breakout,FAM_0043,vwap_reversion_range_breakout_fixed_stop_fixed_tp_0043,range_breakout,tp,38795.71593761795,38858.44392207777,1.0,62.72798445982335,31.66632051594506,31.061663943878287,11.64812397895436,1.207756816085651,0:01:00,1.0,77.54691438205191,-8.971215617944836,uptrend,low_vol,61.46364791737541,51.93759507142958,0.011507144236355524
FAM_0043_oos_00079,2025-01-31T22:00:00+00:00,2025-01-31T22:08:00+00:00,long,range_breakout,FAM_0043,vwap_reversion_range_breakout_fixed_stop_fixed_tp_0043,range_breakout,stop,38689.190265163554,38614.77861023773,1.0,-74.41165492582513,-105.33324247598564,30.92158755016051,11.595595331310191,-1.1928669076821568,0:08:00,8.0,72.32480583644792,-75.06098716355336,uptrend,high_vol,69.1913693278209,62.38051742857091,0.008596429214710663
FAM_0043_oos_00080,2025-01-31T22:31:00+00:00,2025-01-31T22:39:00+00:00,long,range_breakout,FAM_0043,vwap_reversion_range_breakout_fixed_stop_fixed_tp_0043,range_breakout,tp,38747.17443948525,38820.65143186334,1.0,73.47699237809138,42.44986202955195,31.027130348539433,11.635173880702288,1.2230573933295863,0:08:00,8.0,112.12518451474898,-37.4674504852519,uptrend,high_vol,75.34401481123973,60.07648764285581,0.01047532393344469
FAM_0043_oos_00081,2025-01-31T23:02:00+00:00,2025-01-31T23:07:00+00:00,long,range_breakout,FAM_0043,vwap_reversion_range_breakout_fixed_stop_fixed_tp_0043,range_breakout,tp,38990.0020471636,39050.87413925766,1.0,60.87209209406137,29.65574161949287,31.216350474568504,11.70613142796319,1.204112643444938,0:05:00,5.0,82.39667083639506,-9.70856116359937,uptrend,low_vol,73.63659488687608,50.553486357143164,0.016631318521405727
FAM_0043_oos_00082,2025-01-31T23:24:00+00:00,2025-01-31T23:25:00+00:00,long,range_breakout,FAM_0043,vwap_reversion_range_breakout_fixed_stop_fixed_tp_0043,range_breakout,tp,39165.14193020601,39233.9455459322,1.0,68.80361572618858,37.443980735733305,31.35963499045528,11.75986312142073,1.2159763121549163,0:01:00,1.0,106.10280179398978,-22.003030206011317,uptrend,high_vol,59.701774099618234,56.58302307142886,0.02146995701236434
FAM_0043_oos_00083,2025-02-01T00:05:00+00:00,2025-02-01T00:06:00+00:00,long,range_breakout,FAM_0043,vwap_reversion_range_breakout_fixed_stop_fixed_tp_0043,range_breakout,tp,39320.590849046755,39388.535923748896,1.0,67.94507470214012,36.46142399302185,31.483650709118262,11.80636901591935,1.2143852109950706,0:01:00,1.0,86.63776595324453,-28.08048604675423,uptrend,high_vol,61.87441702416321,55.9501829285712,0.025506803122564887
FAM_0043_oos_00084,2025-02-01T00:20:00+00:00,2025-02-01T00:21:00+00:00,long,range_breakout,FAM_0043,vwap_reversion_range_breakout_fixed_stop_fixed_tp_0043,range_breakout,tp,39420.40839743346,39506.06054424639,1.0,85.65214681293583,54.081559236263885,31.57058757667194,11.838970341251978,1.2345723560941293,0:01:00,1.0,96.59271456654096,-14.337781433459895,uptrend,high_vol,59.027861416304255,69.37798857142947,0.0283589388268102
FAM_0043_oos_00085,2025-02-01T00:36:00+00:00,2025-02-01T00:38:00+00:00,long,range_breakout,FAM_0043,vwap_reversion_range_breakout_fixed_stop_fixed_tp_0043,range_breakout,tp,39551.87611463345,39619.54901109106,1.0,67.67289645761048,36.00432640732067,31.66857005028981,11.875713768858677,1.2134230220781117,0:02:00,2.0,108.31674636655225,-43.00037163345405,uptrend,high_vol,68.41363026304855,55.77024271428464,0.030965144249157014
FAM_0043_oos_00086,2025-02-01T01:04:00+00:00,2025-02-01T01:05:00+00:00,long,range_breakout,FAM_0043,vwap_reversion_range_breakout_fixed_stop_fixed_tp_0043,range_breakout,tp,39566.437084451354,39652.70490812971,1.0,86.26782367835403,54.58016688132161,31.687656797032425,11.882871298887158,1.2348481771747652,0:01:00,1.0,125.97495454864838,-26.05913745135331,uptrend,high_vol,67.1301598793589,69.86107707142843,0.031461587563737334
FAM_0043_oos_00087,2025-02-01T01:29:00+00:00,2025-02-01T01:34:00+00:00,long,range_breakout,FAM_0043,vwap_reversion_range_breakout_fixed_stop_fixed_tp_0043,range_breakout,tp,39707.0201937551,39774.12899013728,1.0,67.10879638217739,35.31633670862044,31.79245967355695,11.922172377583857,1.2122152361210077,0:05:00,5.0,75.03104724489822,-23.6698517551049,uptrend,low_vol,70.00297257868903,55.36046271428495,0.033763326151702376
FAM_0043_oos_00088,2025-02-01T05:56:00+00:00,2025-02-01T06:04:00+00:00,long,range_breakout,FAM_0043,vwap_reversion_range_breakout_fixed_stop_fixed_tp_0043,range_breakout,tp,39007.8679686499,39079.052233524286,1.0,71.1842648743841,39.94949679351442,31.234768080869678,11.71303803032613,1.2195572448909733,0:08:00,8.0,87.9780063500948,-32.56817264990241,uptrend,high_vol,63.055757222860045,58.36894100000063,0.016993634346380928
FAM_0043_oos_00089,2025-02-01T06:29:00+00:00,2025-02-01T06:41:00+00:00,long,range_breakout,FAM_0043,vwap_reversion_range_breakout_fixed_stop_fixed_tp_0043,range_breakout,tp,39174.21595010485,39239.77301287986,1.0,65.55706277500576,34.19146718981188,31.36559558519388,11.762098344447706,1.2112343898389093,0:12:00,12.0,91.04507589514833,-40.17080710484879,uptrend,high_vol,61.32769101573316,54.124175571429596,0.02109969112340607
FAM_0043_oos_00090,2025-02-01T07:40:00+00:00,2025-02-01T07:43:00+00:00,long,range_breakout,FAM_0043,vwap_reversion_range_breakout_fixed_stop_fixed_tp_0043,range_breakout,stop,39042.20175894605,38963.11693431854,1.0,-79.08482462751272,-110.28695210481855,31.202127477305837,11.700797803989689,-1.1877925232345654,0:03:00,3.0,61.10290105394961,-101.53877094605559,uptrend,high_vol,57.6364702069733,66.5813457142862,0.018010231296930752
FAM_0043_oos_00091,2025-02-01T10:35:00+00:00,2025-02-01T10:36:00+00:00,long,range_breakout,FAM_0043,vwap_reversion_range_breakout_fixed_stop_fixed_tp_0043,range_breakout,tp,38024.0733415879,38094.86825710621,1.0,70.7949155183087,40.34733887883105,30.447576639477642,11.417841239804115,1.2213996182712012,0:01:00,1.0,106.16198741210246,-34.37132458789711,uptrend,high_vol,68.7278917012314,57.962123499999244,0.007771254097982038
FAM_0043_oos_00092,2025-02-01T10:52:00+00:00,2025-02-01T10:53:00+00:00,long,range_breakout,FAM_0043,vwap_reversion_range_breakout_fixed_stop_fixed_tp_0043,range_breakout,tp,38232.9500183904,38296.94033602671,1.0,63.990317636307736,33.37836149454089,30.611956141766846,11.479483553162568,1.2112475310524429,0:01:00,1.0,73.18411060959625,-24.017336390403216,uptrend,low_vol,73.7973950244798,52.8300912857142,0.0024093105822233602
FAM_0043_oos_00093,2025-02-01T11:08:00+00:00,2025-02-01T11:09:00+00:00,long,range_breakout,FAM_0043,vwap_reversion_range_breakout_fixed_stop_fixed_tp_0043,range_breakout,tp,38488.83190691721,38544.65159245643,1.0,55.81968553922343,25.006292139473977,30.81339339974945,11.555022524906045,1.1960924173607188,0:01:00,1.0,137.94227508279437,-31.47420291720482,uptrend,low_vol,83.48564323004445,46.66837171428467,0.004166146357955676
FAM_0043_oos_00094,2025-02-01T11:26:00+00:00,2025-02-01T11:27:00+00:00,long,range_breakout,FAM_0043,vwap_reversion_range_breakout_fixed_stop_fixed_tp_0043,range_breakout,tp,38678.4618551434,38746.656449548274,1.0,68.19459440487117,37.22454708299449,30.970047321876674,11.613767745703752,1.2163214190975662,0:01:00,1.0,115.41820785659365,-11.062736143401708,uptrend,high_vol,70.24878329813882,56.066261214285724,0.008241862892359404
FAM_0043_oos_00095,2025-02-01T11:41:00+00:00,2025-02-01T11:43:00+00:00,long,range_breakout,FAM_0043,vwap_reversion_range_breakout_fixed_stop_fixed_tp_0043,range_breakout,tp,38888.89249400525,38968.36569620534,1.0,79.47320220008987,48.33029892400563,31.142903276084237,11.678588728531588,1.2295528107862663,0:02:00,2.0,90.87895999474858,-31.954242005253036,uptrend,high_vol,69.57323875640087,64.63585907142884,0.013968069439370805
FAM_0043_oos_00096,2025-02-01T12:33:00+00:00,2025-02-01T12:38:00+00:00,long,range_breakout,FAM_0043,vwap_reversion_range_breakout_fixed_stop_fixed_tp_0043,range_breakout,tp,38977.367112207605,39046.78284922438,1.0,69.41573701677407,38.20607703220128,31.20965998457279,11.703622494214796,1.2172758116248739,0:05:00,5.0,76.73956079239724,-57.0911172076012,uptrend,high_vol,59.10119011418324,57.02547964285726,0.015543439666098054
FAM_0043_oos_00097,2025-02-01T12:55:00+00:00,2025-02-01T12:56:00+00:00,long,range_breakout,FAM_0043,vwap_reversion_range_breakout_fixed_stop_fixed_tp_0043,range_breakout,tp,39053.20165068236,39124.56284683774,1.0,71.36119615538337,40.09009035637533,31.271105799008037,11.726664674628013,1.219679538086972,0:01:00,1.0,78.72471031764144,-24.99369668235886,uptrend,high_vol,65.01452892373887,58.5081522857155,0.018080737648401096
FAM_0043_oos_00098,2025-02-01T13:13:00+00:00,2025-02-01T13:18:00+00:00,long,range_breakout,FAM_0043,vwap_reversion_range_breakout_fixed_stop_fixed_tp_0043,range_breakout,stop,39208.253505972505,39131.491583501476,1.0,-76.76192247102881,-108.09782050681841,31.335898035789594,11.750961763421099,-1.1910924627846162,0:05:00,5.0,68.35616402749292,-88.01533897250192,uptrend,high_vol,67.53950674078767,64.44665285714134,0.022322132734495403
FAM_0043_oos_00099,2025-02-01T13:36:00+00:00,2025-02-01T13:39:00+00:00,long,range_breakout,FAM_0043,vwap_reversion_range_breakout_fixed_stop_fixed_tp_0043,range_breakout,stop,39306.0728026664,39243.302358877234,1.0,-62.770443789166166,-94.19019385378363,31.419750064617453,11.782406274231546,-1.2138496364060374,0:03:00,3.0,31.26813733360177,-68.8046836663998,uptrend,low_vol,80.62164192902607,51.71187757142876,0.023456787565280156
FAM_0043_oos_00100,2025-02-01T16:33:00+00:00,2025-02-01T16:34:00+00:00,long,range_breakout,FAM_0043,vwap_reversion_range_breakout_fixed_stop_fixed_tp_0043,range_breakout,tp,38434.56214467376,38514.77690493982,1.0,80.21476026606251,49.43502464621709,30.77973561984543,11.542400857442034,1.231305760135574,0:01:00,1.0,109.8468453262467,-15.386049673754314,uptrend,high_vol,78.68633138088684,65.14609357142866,0.0025262468893246853
FAM_0043_oos_00101,2025-02-01T16:57:00+00:00,2025-02-01T16:58:00+00:00,long,range_breakout,FAM_0043,vwap_reversion_range_breakout_fixed_stop_fixed_tp_0043,range_breakout,tp,38627.07924990855,38704.12193637899,1.0,77.04268647044228,46.11020599592726,30.932480474515014,11.59968017794313,1.2274877237828397,0:01:00,1.0,95.62411409144988,-10.447504908552219,uptrend,high_vol,61.653290881604384,62.764527071428994,0.008092748528860355
FAM_0043_oos_00102,2025-02-01T17:12:00+00:00,2025-02-01T17:15:00+00:00,long,range_breakout,FAM_0043,vwap_reversion_range_breakout_fixed_stop_fixed_tp_0043,range_breakout,tp,38941.228417216356,39012.610644978464,1.0,71.3822277621075,40.20069213722958,31.181535624877927,11.693075859329223,1.2199720848018107,0:03:00,3.0,99.44451478364499,-30.201311216354952,uptrend,low_vol,86.94809695198347,58.51136157142797,0.014538450895232083
FAM_0043_oos_00103,2025-02-01T17:30:00+00:00,2025-02-01T17:32:00+00:00,long,range_breakout,FAM_0043,vwap_reversion_range_breakout_fixed_stop_fixed_tp_0043,range_breakout,stop,39236.548731619805,39165.87977648169,1.0,-70.66895513811323,-102.02992654135383,31.360971403240598,11.760364276215224,-1.1997533765891006,0:02:00,2.0,38.73169138019148,-79.14415561980422,uptrend,low_vol,80.00871112721481,58.902901642857096,0.02166362403088836
FAM_0043_oos_00104,2025-02-01T18:12:00+00:00,2025-02-01T18:13:00+00:00,long,range_breakout,FAM_0043,vwap_reversion_range_breakout_fixed_stop_fixed_tp_0043,range_breakout,tp,39261.28562659756,39302.47727281109,1.0,41.19164621353411,9.766141053770657,31.425505159763457,11.784564434911296,1.154712153451024,0:01:00,1.0,57.67066840244661,-11.210475597559707,uptrend,low_vol,71.21244745916334,35.672653214285674,0.023179319718809908
FAM_0043_oos_00105,2025-02-01T18:28:00+00:00,2025-02-01T18:48:00+00:00,long,range_breakout,FAM_0043,vwap_reversion_range_breakout_fixed_stop_fixed_tp_0043,range_breakout,tp,39392.5096462484,39465.43227147652,1.0,72.92262522812234,41.379448461032375,31.543176767089967,11.828691287658739,1.2208752158043057,0:20:00,20.0,82.70431875160284,-57.94370324839838,uptrend,high_vol,68.03833687706452,59.72979407142806,0.025987841174556832
FAM_0043_oos_00106,2025-02-01T22:40:00+00:00,2025-02-01T22:41:00+00:00,long,range_breakout,FAM_0043,vwap_reversion_range_breakout_fixed_stop_fixed_tp_0043,range_breakout,tp,38436.7065072799,38516.65134032133,1.0,79.94483304143068,49.16348990239019,30.781343139040494,11.543003677140184,1.231022438431337,0:01:00,1.0,115.46235472009721,-26.501040279901645,uptrend,high_vol,76.99986658729583,64.94181628571407,0.0023932063759736174
FAM_0043_oos_00107,2025-02-01T22:55:00+00:00,2025-02-01T22:57:00+00:00,long,range_breakout,FAM_0043,vwap_reversion_range_breakout_fixed_stop_fixed_tp_0043,range_breakout,tp,38711.543380628005,38787.19285856788,1.0,75.64947793987812,44.64998344419977,30.999494495678356,11.624810435879382,1.2257178790941274,0:02:00,2.0,128.78460037199693,-18.752705628008698,uptrend,high_vol,76.00779842096068,61.718507357142826,0.009136803906296424
FAM_0043_oos_00108,2025-02-01T23:11:00+00:00,2025-02-01T23:12:00+00:00,long,range_breakout,FAM_0043,vwap_reversion_range_breakout_fixed_stop_fixed_tp_0043,range_breakout,tp,38934.161642359104,39013.24437822411,1.0,79.08273586500582,47.903773456772534,31.178962408233282,11.692110903087482,1.229039540373687,0:01:00,1.0,100.61366964089393,-43.60455435910262,uptrend,high_vol,69.65851528061602,64.3451518571419,0.015258691734788754
FAM_0043_oos_00109,2025-02-01T23:28:00+00:00,2025-02-01T23:29:00+00:00,long,range_breakout,FAM_0043,vwap_reversion_range_breakout_fixed_stop_fixed_tp_0043,range_breakout,tp,39236.2130572762,39323.70952095186,1.0,87.49646367565583,56.07249464436461,31.42396903129122,11.783988386734208,1.236620942058453,0:01:00,1.0,97.6092747237999,-28.821620276205067,uptrend,high_vol,74.30741593189943,70.75447349999948,0.023031163987353342
FAM_0043_oos_00110,2025-02-01T23:48:00+00:00,2025-02-01T23:50:00+00:00,long,range_breakout,FAM_0043,vwap_reversion_range_breakout_fixed_stop_fixed_tp_0043,range_breakout,tp,39372.77673075501,39439.842084038544,1.0,67.06535328353493,35.5403057576175,31.525047525917426,11.821892822219034,1.2129840640518592,0:02:00,2.0,129.97366024499206,-10.204698755012942,uptrend,low_vol,64.04475741630799,55.28955842857197,0.025729788698257303
FAM_0043_oos_00111,2025-02-02T00:12:00+00:00,2025-02-02T00:13:00+00:00,long,range_breakout,FAM_0043,vwap_reversion_range_breakout_fixed_stop_fixed_tp_0043,range_breakout,tp,39701.41094149345,39759.87504459394,1.0,58.46410310048668,26.679588706051728,31.784514394434954,11.919192897913108,1.1977935578487355,0:01:00,1.0,75.08079050655215,-10.157170493446756,uptrend,low_vol,68.48995850964388,48.80983264285688,0.03364390120493
FAM_0043_oos_00112,2025-02-02T00:46:00+00:00,2025-02-02T00:54:00+00:00,long,range_breakout,FAM_0043,vwap_reversion_range_breakout_fixed_stop_fixed_tp_0043,range_breakout,tp,39982.4710791912,40053.1241922433,1.0,70.65311305209616,38.63887494352237,32.01423810857379,12.005339290715174,1.21653661389454,0:08:00,8.0,87.26743280880328,-23.104839191197243,uptrend,high_vol,62.65347355985149,58.077259857141016,0.04102936409891391
FAM_0043_oos_00113,2025-02-02T01:19:00+00:00,2025-02-02T01:21:00+00:00,long,range_breakout,FAM_0043,vwap_reversion_range_breakout_fixed_stop_fixed_tp_0043,range_breakout,tp,40243.507811828655,40304.075516677694,1.0,60.56770484903973,28.348671517637186,32.21903333140254,12.082137499275953,1.2001846844926436,0:02:00,2.0,81.23246717134316,-21.02485982865619,uptrend,low_vol,78.55154455427562,50.4653205714281,0.046878059310537755
FAM_0043_oos_00114,2025-02-02T01:39:00+00:00,2025-02-02T01:45:00+00:00,long,range_breakout,FAM_0043,vwap_reversion_range_breakout_fixed_stop_fixed_tp_0043,range_breakout,tp,40292.88988002796,40360.73955808137,1.0,67.84967805341148,35.58822627816775,32.26145177524373,12.098044415716398,1.211852268849123,0:06:00,6.0,100.07033997204417,-17.29470002796006,uptrend,high_vol,72.22688171002508,55.98840700000125,0.04774940296029288
FAM_0043_oos_00115,2025-02-02T02:16:00+00:00,2025-02-02T02:17:00+00:00,long,range_breakout,FAM_0043,vwap_reversion_range_breakout_fixed_stop_fixed_tp_0043,range_breakout,tp,40237.17509406345,40305.53792729799,1.0,68.36283323453972,36.14574802599515,32.217085208544574,12.081406953204217,1.2127329688231208,0:01:00,1.0,83.90620893654705,-17.215467063455435,uptrend,high_vol,70.82229976492627,56.370887071429024,0.046663141725664395
FAM_0043_oos_00116,2025-02-02T02:43:00+00:00,2025-02-02T02:44:00+00:00,long,range_breakout,FAM_0043,vwap_reversion_range_breakout_fixed_stop_fixed_tp_0043,range_breakout,tp,40256.414274507704,40337.37464485246,1.0,80.9603703447574,48.722854777013325,32.23751556774407,12.089068337904026,1.2281964670895118,0:01:00,1.0,96.23151949229214,-8.151016507705208,uptrend,high_vol,69.84832415747405,65.91809414285568,0.04685817622869741
FAM_0043_oos_00117,2025-02-02T05:13:00+00:00,2025-02-02T05:14:00+00:00,long,range_breakout,FAM_0043,vwap_reversion_range_breakout_fixed_stop_fixed_tp_0043,range_breakout,tp,39710.23424679075,39777.37897129119,1.0,67.14472450043831,35.34967921320554,31.795045287232774,11.923141982712291,1.2122601186768032,0:01:00,1.0,88.50768120925204,-7.691151790750155,uptrend,high_vol,66.42862490389285,55.38805035714228,0.033354057022941225
FAM_0043_oos_00118,2025-02-02T06:17:00+00:00,2025-02-02T06:18:00+00:00,long,range_breakout,FAM_0043,vwap_reversion_range_breakout_fixed_stop_fixed_tp_0043,range_breakout,tp,39682.11756392085,39752.73791060919,1.0,70.62034668833803,38.84640449852601,31.77394218981202,11.915228321179507,1.217208198545779,0:01:00,1.0,94.98987707914785,-8.933048920851434,uptrend,high_vol,69.95781863800967,58.01829692857167,0.03322484157139722
FAM_0043_oos_00119,2025-02-02T06:37:00+00:00,2025-02-02T06:38:00+00:00,long,range_breakout,FAM_0043,vwap_reversion_range_breakout_fixed_stop_fixed_tp_0043,range_breakout,tp,39896.58519724105,39962.32706395135,1.0,65.74186671029747,33.798301805820515,31.943564904476958,11.978836839178859,1.209684331281951,0:01:00,1.0,105.75858475895075,-29.28711624105199,uptrend,low_vol,61.11396516668227,54.34629928571407,0.038939375153412066
FAM_0043_oos_00120,2025-02-02T06:56:00+00:00,2025-02-02T06:57:00+00:00,long,range_breakout,FAM_0043,vwap_reversion_range_breakout_fixed_stop_fixed_tp_0043,range_breakout,tp,40087.603214646406,40159.05605731206,1.0,71.45284266565432,39.35417895687093,32.098663708783384,12.036998890793768,1.2173550353607558,0:01:00,1.0,107.4544343535963,-18.495194646406162,uptrend,high_vol,60.120792139557516,58.695155142856365,0.042982665424194655
FAM_0043_oos_00121,2025-02-02T07:16:00+00:00,2025-02-02T07:17:00+00:00,long,range_breakout,FAM_0043,vwap_reversion_range_breakout_fixed_stop_fixed_tp_0043,range_breakout,tp,40221.345265945354,40289.75631867347,1.0,68.41105272811546,36.20661209426793,32.20444063384753,12.076665237692824,1.212841001574351,0:01:00,1.0,87.49667705464526,-15.077997945350944,uptrend,low_vol,54.91086410492602,56.40562335714276,0.04698461185992445
FAM_0043_oos_00122,2025-02-02T07:33:00+00:00,2025-02-02T07:35:00+00:00,long,range_breakout,FAM_0043,vwap_reversion_range_breakout_fixed_stop_fixed_tp_0043,range_breakout,tp,40452.400220990654,40534.91385889943,1.0,82.51363790877804,50.118712276822,32.394925631956035,12.148097111983512,1.2293951543815065,0:02:00,2.0,99.79503200934414,-36.12785299065581,uptrend,high_vol,77.66848920592204,67.11726299999957,0.052034309564415404
FAM_0043_oos_00123,2025-02-02T07:51:00+00:00,2025-02-02T07:53:00+00:00,long,range_breakout,FAM_0043,vwap_reversion_range_breakout_fixed_stop_fixed_tp_0043,range_breakout,tp,40686.4323195405,40760.21701434303,1.0,73.78469480252534,41.20603506897193,32.57865973355341,12.216997400082528,1.218976600319059,0:02:00,2.0,84.56913745949714,-19.046713540497876,uptrend,high_vol,63.066583818698234,60.53003378571312,0.057030296371703815
FAM_0043_oos_00124,2025-02-02T08:13:00+00:00,2025-02-02T08:14:00+00:00,long,range_breakout,FAM_0043,vwap_reversion_range_breakout_fixed_stop_fixed_tp_0043,range_breakout,stop,40975.862041487606,40903.98591205876,1.0,-71.8761294288488,-104.62806861026735,32.75193918141854,12.281977193031953,-1.2026804097318944,0:01:00,1.0,49.32270651239378,-89.71487148760934,uptrend,high_vol,79.53023534879608,59.763282785714445,0.06315175696626626
FAM_0043_oos_00125,2025-02-02T11:23:00+00:00,2025-02-02T11:24:00+00:00,long,range_breakout,FAM_0043,vwap_reversion_range_breakout_fixed_stop_fixed_tp_0043,range_breakout,tp,39982.628546807806,40041.66289857187,1.0,59.03435176406492,27.024635185913056,32.00971657815187,12.00364371680695,1.1980864771817472,0:01:00,1.0,84.85861419219145,-9.637806807804736,uptrend,low_vol,73.38468357129568,49.273865357142704,0.03943940541083472
FAM_0043_oos_00126,2025-02-02T11:41:00+00:00,2025-02-02T11:43:00+00:00,long,range_breakout,FAM_0043,vwap_reversion_range_breakout_fixed_stop_fixed_tp_0043,range_breakout,tp,40168.410804967054,40236.3305791755,1.0,67.91977420844341,35.7578776547864,32.161896553657016,12.060711207621381,1.2122606045566682,0:02:00,2.0,76.76407403294434,-37.75586996705533,uptrend,high_vol,73.33517050069707,56.02737064285767,0.044592096509244186
FAM_0043_oos_00127,2025-02-02T11:57:00+00:00,2025-02-02T11:58:00+00:00,long,range_breakout,FAM_0043,vwap_reversion_range_breakout_fixed_stop_fixed_tp_0043,range_breakout,tp,40254.23222824985,40318.142881160515,1.0,63.910652910664794,31.68170286690065,32.228950043764144,12.085856266411554,1.2058737577959198,0:01:00,1.0,85.74976475015137,-25.783484249848698,uptrend,low_vol,64.54041376317794,52.999455785715064,0.046310653559264225
FAM_0043_oos_00128,2025-02-02T12:45:00+00:00,2025-02-02T12:54:00+00:00,long,range_breakout,FAM_0043,vwap_reversion_range_breakout_fixed_stop_fixed_tp_0043,range_breakout,tp,40362.3509026187,40431.70232456596,1.0,69.35142194725631,37.03380065638245,32.317621290873866,12.119107984077699,1.21383469493992,0:09:00,9.0,83.5973803812958,-30.207044618699,uptrend,high_vol,55.504383431096656,57.13415692857182,0.04869134560639179
FAM_0043_oos_00129,2025-02-02T13:13:00+00:00,2025-02-02T13:15:00+00:00,long,range_breakout,FAM_0043,vwap_reversion_range_breakout_fixed_stop_fixed_tp_0043,range_breakout,tp,40716.782021313,40795.88176316348,1.0,79.09974185047759,46.494676336686986,32.6050655137906,12.226899567671474,1.2252007461458234,0:02:00,2.0,109.23463268699561,-44.24203231300635,uptrend,high_vol,88.8575746022171,64.56063800000162,0.056981497296745086
FAM_0043_oos_00130,2025-02-02T13:50:00+00:00,2025-02-02T13:52:00+00:00,long,range_breakout,FAM_0043,vwap_reversion_range_breakout_fixed_stop_fixed_tp_0043,range_breakout,tp,40868.700739703105,40947.09448372271,1.0,78.39374401960231,45.667425930231985,32.726318089370324,12.272369283513871,1.2240802612654573,0:02:00,2.0,150.9420102968943,-17.264906703101587,uptrend,high_vol,62.967569680064905,64.04297700000045,0.06084409658822364
FAM_0043_oos_00131,2025-02-02T14:24:00+00:00,2025-02-02T14:27:00+00:00,long,range_breakout,FAM_0043,vwap_reversion_range_breakout_fixed_stop_fixed_tp_0043,range_breakout,tp,41159.25717363165,41231.27574256168,1.0,72.01856893002696,39.062355763549625,32.95621316647733,12.358579937429,1.2155936050738423,0:03:00,3.0,130.00875436834758,-13.479991631655139,uptrend,low_vol,84.58140281152292,59.24559707142959,0.06703808686033605
FAM_0043_oos_00132,2025-02-02T18:16:00+00:00,2025-02-02T18:23:00+00:00,long,range_breakout,FAM_0043,vwap_reversion_range_breakout_fixed_stop_fixed_tp_0043,range_breakout,tp,39895.31720707106,39974.28995756382,1.0,78.97275049276504,47.02490762691109,31.947842865853953,11.980441074695232,1.2268363415082555,0:07:00,7.0,105.95404592894192,-37.03132007105887,uptrend,high_vol,70.74813820962034,64.37105571428557,0.037044780172687544
FAM_0043_oos_00133,2025-02-02T18:52:00+00:00,2025-02-02T18:53:00+00:00,long,range_breakout,FAM_0043,vwap_reversion_range_breakout_fixed_stop_fixed_tp_0043,range_breakout,tp,40154.6634121674,40220.04256716132,1.0,65.37915499391966,33.22927260218817,32.14988239173149,12.056205896899307,1.20846910602575,0:01:00,1.0,81.32549883260072,-21.57994516740291,uptrend,low_vol,71.80456492307972,54.10080792857116,0.04338263908522884
FAM_0043_oos_00134,2025-02-02T19:07:00+00:00,2025-02-02T19:10:00+00:00,long,range_breakout,FAM_0043,vwap_reversion_range_breakout_fixed_stop_fixed_tp_0043,range_breakout,tp,40437.91431543071,40503.36851596509,1.0,65.45420053438284,33.07768740182451,32.37651313255832,12.14119242470937,1.2078680150695205,0:03:00,3.0,81.64274956929148,-26.730100430708262,uptrend,low_vol,90.69860491417491,54.18986157142977,0.050525183230330846
FAM_0043_oos_00135,2025-02-02T19:27:00+00:00,2025-02-02T19:28:00+00:00,long,range_breakout,FAM_0043,vwap_reversion_range_breakout_fixed_stop_fixed_tp_0043,range_breakout,tp,40675.177992644654,40730.6449823403,1.0,55.4669896956475,22.904660505653517,32.56232918999398,12.210873446247744,1.189012590733141,0:01:00,1.0,74.6857903553464,-22.509675644650997,uptrend,low_vol,82.90465547805353,46.64962349999821,0.056075198359300533
FAM_0043_oos_00136,2025-02-02T19:47:00+00:00,2025-02-02T20:03:00+00:00,long,range_breakout,FAM_0043,vwap_reversion_range_breakout_fixed_stop_fixed_tp_0043,range_breakout,stop,40750.57514252096,40676.2780932677,1.0,-74.29704925326223,-106.8677905475777,32.57074129431546,12.214027985368299,-1.198432774719557,0:16:00,16.0,73.79850847904163,-95.2484985209594,uptrend,high_vol,72.31069870616838,61.995174714284595,0.057815648790524705
FAM_0043_oos_00137,2025-02-02T20:22:00+00:00,2025-02-02T20:23:00+00:00,long,range_breakout,FAM_0043,vwap_reversion_range_breakout_fixed_stop_fixed_tp_0043,range_breakout,tp,40690.38017262965,40750.251648744124,1.0,59.8714761144729,27.295223385923393,32.576252728549505,12.216094773206065,1.197702981810327,0:01:00,1.0,144.56075737034553,-24.309478629649675,uptrend,low_vol,65.26966693671406,49.98858399999933,0.05718354717010272
FAM_0043_oos_00138,2025-02-02T23:11:00+00:00,2025-02-02T23:25:00+00:00,long,range_breakout,FAM_0043,vwap_reversion_range_breakout_fixed_stop_fixed_tp_0043,range_breakout,tp,40116.4605766015,40192.338475704004,1.0,75.87789910250285,43.75437948158065,32.1235196209222,12.046319857845825,1.2228262135480141,0:14:00,14.0,92.14276439850073,-41.45278760149813,uptrend,high_vol,79.672120819787,62.05125328571531,0.042752126825157964
FAM_0043_oos_00139,2025-02-02T23:48:00+00:00,2025-02-02T23:49:00+00:00,long,range_breakout,FAM_0043,vwap_reversion_range_breakout_fixed_stop_fixed_tp_0043,range_breakout,tp,40298.487872600905,40369.445768149744,1.0,70.95789554883959,38.690722092539325,32.26717345630026,12.100190046112598,1.2161964514275259,0:01:00,1.0,110.37535539909732,-35.563741600904905,uptrend,high_vol,72.73661459729229,58.3441067142859,0.04753482342227087
FAM_0043_oos_00140,2025-02-03T00:41:00+00:00,2025-02-03T00:42:00+00:00,long,range_breakout,FAM_0043,vwap_reversion_range_breakout_fixed_stop_fixed_tp_0043,range_breakout,tp,40619.825878072705,40689.453357090526,1.0,69.62747901782132,37.10376732375602,32.5237116940653,12.196391885274485,1.2136019073077584,0:01:00,1.0,106.4593879272943,-39.778438072702556,uptrend,low_vol,57.398392823976245,57.37258535714448,0.053833039306881686
FAM_0043_oos_00141,2025-02-03T01:03:00+00:00,2025-02-03T01:11:00+00:00,long,range_breakout,FAM_0043,vwap_reversion_range_breakout_fixed_stop_fixed_tp_0043,range_breakout,tp,40843.4327660755,40904.907499640634,1.0,61.47473356513365,28.775397458847195,32.69933610628645,12.26225103985742,1.20019198064216,0:08:00,8.0,75.98217592450237,-32.96460707550432,uptrend,low_vol,61.477404046916604,51.2207501428576,0.059151054643751276
FAM_0043_oos_00142,2025-02-03T01:26:00+00:00,2025-02-03T01:27:00+00:00,long,range_breakout,FAM_0043,vwap_reversion_range_breakout_fixed_stop_fixed_tp_0043,range_breakout,tp,41009.72322090275,41082.52571240182,1.0,72.8024914990674,39.96559192574557,32.83689957332183,12.313837339995684,1.2169736144360812,0:01:00,1.0,91.60707609725068,-26.993616902749636,uptrend,high_vol,75.2733900868192,59.82257185714376,0.0636566639932435
FAM_0043_oos_00143,2025-02-03T01:50:00+00:00,2025-02-03T01:52:00+00:00,long,range_breakout,FAM_0043,vwap_reversion_range_breakout_fixed_stop_fixed_tp_0043,range_breakout,tp,41090.4209547474,41153.83467243206,1.0,63.41371768465615,30.516015433784368,32.89770225087178,12.336638344076919,1.2028862069662352,0:02:00,2.0,148.22016525259824,-10.46257274740492,uptrend,low_vol,76.36927358809672,52.717968928571544,0.06460175920019756
FAM_0043_oos_00144,2025-02-03T02:15:00+00:00,2025-02-03T02:16:00+00:00,long,range_breakout,FAM_0043,vwap_reversion_range_breakout_fixed_stop_fixed_tp_0043,range_breakout,tp,41376.207133244956,41447.2213080178,1.0,71.01417477284122,37.88480339633612,33.1293713765051,12.423514266189413,1.2137259073401887,0:01:00,1.0,98.15143975504179,-15.58061324495793,uptrend,low_vol,67.62456880874517,58.50923535714173,0.07123413017401324
FAM_0043_oos_00145,2025-02-03T02:32:00+00:00,2025-02-03T02:34:00+00:00,long,range_breakout,FAM_0043,vwap_reversion_range_breakout_fixed_stop_fixed_tp_0043,range_breakout,tp,41667.60526840975,41751.01050432972,1.0,83.40523591997044,50.03778961087465,33.36744630909579,12.512792365910922,1.2277947091985795,0:02:00,2.0,97.6951765902486,-8.166818409750704,uptrend,high_vol,74.47394578232038,67.93092957142964,0.07830288002688157
FAM_0043_oos_00146,2025-02-03T06:08:00+00:00,2025-02-03T06:09:00+00:00,long,range_breakout,FAM_0043,vwap_reversion_range_breakout_fixed_stop_fixed_tp_0043,range_breakout,tp,40819.86749481495,40884.47897406149,1.0,64.61147924653778,31.929740658987207,32.681738587550576,12.255651970331465,1.2055561078649906,0:01:00,1.0,90.7901541850515,-11.215288814950327,uptrend,high_vol,73.37907042971608,53.59475085714387,0.05905868133854199
FAM_0043_oos_00147,2025-02-03T06:34:00+00:00,2025-02-03T06:35:00+00:00,long,range_breakout,FAM_0043,vwap_reversion_range_breakout_fixed_stop_fixed_tp_0043,range_breakout,tp,40998.42187595525,41072.32731524911,1.0,73.90543929385603,41.077139617374286,32.82829967648175,12.310612378680654,1.2184160860454112,0:01:00,1.0,107.12735504474404,-44.94623495525593,uptrend,high_vol,69.96064739658,60.656979285714314,0.0633426236968963
FAM_0043_oos_00148,2025-02-03T06:59:00+00:00,2025-02-03T07:12:00+00:00,long,range_breakout,FAM_0043,vwap_reversion_range_breakout_fixed_stop_fixed_tp_0043,range_breakout,tp,41270.423941145906,41336.13763230415,1.0,65.713691158242,32.67106652886198,33.04262462938002,12.390984236017507,1.2061742565678641,0:13:00,13.0,84.28347285409109,-41.20319114590529,uptrend,low_vol,58.96154921825816,54.481092428570264,0.0680304272613641
FAM_0043_oos_00149,2025-02-03T07:26:00+00:00,2025-02-03T07:40:00+00:00,long,range_breakout,FAM_0043,vwap_reversion_range_breakout_fixed_stop_fixed_tp_0043,range_breakout,tp,41653.30501369325,41738.90994473518,1.0,85.60493104192574,52.24804505855437,33.35688598337137,12.508832243764266,1.2300267736789863,0:14:00,14.0,122.51642830674973,-56.94523769325315,uptrend,high_vol,88.44879799123817,69.59599000000058,0.07678710563209157
FAM_0043_oos_00150,2025-02-03T08:00:00+00:00,2025-02-03T08:06:00+00:00,long,range_breakout,FAM_0043,vwap_reversion_range_breakout_fixed_stop_fixed_tp_0043,range_breakout,tp,42156.846551595954,42238.35945114976,1.0,81.51289955380344,47.75481715270515,33.758082401098285,12.659280900411858,1.2247867097659184,0:06:00,6.0,106.12650940404274,-23.846826595952734,uptrend,high_vol,91.65441115154594,66.55273028571433,0.08811476338545732
FAM_0043_oos_00151,2025-02-03T08:22:00+00:00,2025-02-03T08:24:00+00:00,long,range_breakout,FAM_0043,vwap_reversion_range_breakout_fixed_stop_fixed_tp_0043,range_breakout,tp,42442.7435727174,42536.01650403784,1.0,93.27293132043997,59.28142728973786,33.9915040307021,12.746814011513287,1.2354738376629646,0:02:00,2.0,117.65959628259588,-10.129181717398751,uptrend,high_vol,69.00608826465746,75.49567499999883,0.09453943335720652
FAM_0043_oos_00152,2025-02-03T08:53:00+00:00,2025-02-03T08:54:00+00:00,long,range_breakout,FAM_0043,vwap_reversion_range_breakout_fixed_stop_fixed_tp_0043,range_breakout,tp,42508.412568589454,42579.440386990274,1.0,71.02781840082025,36.99267721858836,34.03514118223189,12.76317794333696,1.2110815919903133,0:01:00,1.0,84.91864541054383,-13.986587589453848,uptrend,low_vol,54.44542173771979,58.648252000000085,0.09549883995366834
FAM_0043_oos_00153,2025-02-03T09:20:00+00:00,2025-02-03T09:25:00+00:00,long,range_breakout,FAM_0043,vwap_reversion_range_breakout_fixed_stop_fixed_tp_0043,range_breakout,tp,42768.88463453961,42856.18336675438,1.0,87.29873221477465,53.04870501425705,34.25002720051759,12.843760200194097,1.229453033369218,0:05:00,5.0,98.08898046039394,-20.31855053961044,uptrend,high_vol,63.53999353420019,71.00615464285771,0.10109055087437933
FAM_0043_oos_00154,2025-02-03T12:57:00+00:00,2025-02-03T13:00:00+00:00,long,range_breakout,FAM_0043,vwap_reversion_range_breakout_fixed_stop_fixed_tp_0043,range_breakout,tp,41964.497337541055,42022.48447580765,1.0,57.98713826659514,24.39234554125565,33.59479272533949,12.598047272002306,1.1905628924161165,0:03:00,3.0,72.7660294589441,-17.803373541057226,uptrend,low_vol,71.84156713368236,48.70564892857198,0.08342518070989885
FAM_0043_oos_00155,2025-02-03T13:17:00+00:00,2025-02-03T13:19:00+00:00,long,range_breakout,FAM_0043,vwap_reversion_range_breakout_fixed_stop_fixed_tp_0043,range_breakout,tp,42030.63616687756,42109.571492877556,1.0,78.9353259999989,45.27924293609685,33.656083063902045,12.621031148963265,1.2221855602655,0:02:00,2.0,89.32832912244339,-13.92594787755661,uptrend,high_vol,62.5206785639174,64.58538585714372,0.08445180815619363
FAM_0043_oos_00156,2025-02-03T13:35:00+00:00,2025-02-03T13:38:00+00:00,long,range_breakout,FAM_0043,vwap_reversion_range_breakout_fixed_stop_fixed_tp_0043,range_breakout,tp,42281.90939220855,42370.67251964745,1.0,88.76312743889866,54.90209467415626,33.861032764742404,12.6978872867784,1.2317884795291654,0:03:00,3.0,115.55620979144442,-40.4290432085545,uptrend,high_vol,77.82712386291863,72.06036500000015,0.09081511736811021
FAM_0043_oos_00157,2025-02-03T13:56:00+00:00,2025-02-03T13:57:00+00:00,long,range_breakout,FAM_0043,vwap_reversion_range_breakout_fixed_stop_fixed_tp_0043,range_breakout,tp,42528.682549630605,42615.737911583055,1.0,87.05536195245077,52.997593767965306,34.05776818448546,12.771663069182049,1.2296918026282504,0:01:00,1.0,136.03427736939193,-24.305482630603365,uptrend,high_vol,70.86566540239164,70.79445578571436,0.09570241532972645
FAM_0043_oos_00158,2025-02-03T14:34:00+00:00,2025-02-03T14:35:00+00:00,long,range_breakout,FAM_0043,vwap_reversion_range_breakout_fixed_stop_fixed_tp_0043,range_breakout,tp,43059.7900698105,43141.595965921224,1.0,81.80589611072355,47.32534169643086,34.48055441429269,12.93020790535976,1.2232226918432043,0:01:00,1.0,105.60608918950311,-43.36648081050225,uptrend,high_vol,69.3643491277871,66.87735328571424,0.10655364682093695
FAM_0043_oos_00159,2025-02-03T15:34:00+00:00,2025-02-03T15:35:00+00:00,long,range_breakout,FAM_0043,vwap_reversion_range_breakout_fixed_stop_fixed_tp_0043,range_breakout,tp,43254.73524420106,43339.08397448921,1.0,84.34873028814764,49.71120260067153,34.63752768747611,12.98907288280354,1.2255325006075282,0:01:00,1.0,143.27409479893686,-30.03906620106136,uptrend,high_vol,57.776473389454914,68.82618799999857,0.11193580779999213
FAM_0043_oos_00160,2025-02-03T18:35:00+00:00,2025-02-03T18:36:00+00:00,long,range_breakout,FAM_0043,vwap_reversion_range_breakout_fixed_stop_fixed_tp_0043,range_breakout,tp,42586.08719403585,42669.71983877302,1.0,83.63264473716845,49.530321924044905,34.10232281312354,12.78837105492133,1.2261480540151666,0:01:00,1.0,131.42436296414962,-23.484162035849295,uptrend,high_vol,85.4411003319786,68.20762342857155,0.09650237209999099
FAM_0043_oos_00161,2025-02-03T19:23:00+00:00,2025-02-03T19:24:00+00:00,long,range_breakout,FAM_0043,vwap_reversion_range_breakout_fixed_stop_fixed_tp_0043,range_breakout,tp,42780.72447524936,42848.54901631135,1.0,67.82454106199293,33.572831665368646,34.251709396624285,12.844391023734108,1.205724350990313,0:01:00,1.0,95.82352375064511,-14.096242249353963,uptrend,low_vol,70.75692818100174,56.252111857142154,0.10111994542004762
FAM_0043_oos_00162,2025-02-03T20:06:00+00:00,2025-02-03T20:07:00+00:00,long,range_breakout,FAM_0043,vwap_reversion_range_breakout_fixed_stop_fixed_tp_0043,range_breakout,tp,43220.2019019766,43286.685147165146,1.0,66.48324518854497,31.880490368888275,34.602754819656695,12.976033057371263,1.202538013554074,0:01:00,1.0,74.88597302339622,-11.71471397660207,uptrend,low_vol,58.59487709659976,55.28577428571485,0.10934910251664967
FAM_0043_oos_00163,2025-02-03T20:21:00+00:00,2025-02-03T20:23:00+00:00,long,range_breakout,FAM_0043,vwap_reversion_range_breakout_fixed_stop_fixed_tp_0043,range_breakout,tp,43352.68128490371,43420.40111949305,1.0,67.71983458934119,33.01060162758249,34.7092329617587,13.015962360659513,1.204169732941934,0:02:00,2.0,77.29300109628821,-36.75784390370973,uptrend,low_vol,65.93844776165709,56.23778171428473,0.11219412570463444
FAM_0043_oos_00164,2025-02-03T20:48:00+00:00,2025-02-03T20:49:00+00:00,long,range_breakout,FAM_0043,vwap_reversion_range_breakout_fixed_stop_fixed_tp_0043,range_breakout,tp,43545.288156601455,43609.145063377546,1.0,63.85690677609091,28.995133488099313,34.861773287991596,13.073164982996849,1.1973295894911045,0:01:00,1.0,104.62828239854571,-12.099545601457066,uptrend,low_vol,77.54790126549288,53.332772642856334,0.1157095520712661
FAM_0043_oos_00165,2025-02-03T21:06:00+00:00,2025-02-03T21:08:00+00:00,long,range_breakout,FAM_0043,vwap_reversion_range_breakout_fixed_stop_fixed_tp_0043,range_breakout,tp,43697.5710046028,43780.43534565053,1.0,82.86434104772343,47.873138507622095,34.991202540101334,13.121700952537998,1.2230571974751507,0:02:00,2.0,100.90950739719847,-9.73335260280146,uptrend,high_vol,66.56910416615658,67.7518117857149,0.11945457172135039
FAM_0043_oos_00166,2025-02-04T01:20:00+00:00,2025-02-04T01:21:00+00:00,long,range_breakout,FAM_0043,vwap_reversion_range_breakout_fixed_stop_fixed_tp_0043,range_breakout,tp,42774.27180349376,42829.11386407452,1.0,54.842060580762336,20.600706313735024,34.24135426702731,12.840507850135241,1.1815668700749247,0:01:00,1.0,74.21933850624191,-17.6369704937606,uptrend,low_vol,73.75320387953957,46.414690499999516,0.09938762207146279
FAM_0043_oos_00167,2025-02-04T01:37:00+00:00,2025-02-04T01:41:00+00:00,long,range_breakout,FAM_0043,vwap_reversion_range_breakout_fixed_stop_fixed_tp_0043,range_breakout,tp,43029.07878880926,43099.69180881796,1.0,70.6130200086991,36.16151176964821,34.45150823905089,12.919315589644082,1.2092691203796397,0:04:00,4.0,80.17129719074,-30.610476809262764,uptrend,low_vol,79.8987644022113,58.393139142858026,0.10367608044715929
FAM_0043_oos_00168,2025-02-04T01:58:00+00:00,2025-02-04T02:06:00+00:00,long,range_breakout,FAM_0043,vwap_reversion_range_breakout_fixed_stop_fixed_tp_0043,range_breakout,tp,43369.47937723965,43453.88964151709,1.0,84.41026427743782,49.68091666993512,34.729347607502696,13.023505352813512,1.225364293976543,0:08:00,8.0,109.02337476034882,-34.83423123964894,uptrend,high_vol,82.75447157413853,68.88585271428539,0.11123604248356733
FAM_0043_oos_00169,2025-02-04T02:22:00+00:00,2025-02-04T02:26:00+00:00,long,range_breakout,FAM_0043,vwap_reversion_range_breakout_fixed_stop_fixed_tp_0043,range_breakout,stop,43668.533636650856,43589.4293182224,1.0,-79.10431842845719,-114.00750361040649,34.9031851819493,13.088694443230986,-1.1991296418019353,0:04:00,4.0,48.353067349140474,-116.28406365085539,uptrend,high_vol,80.91856483793966,65.96811192857162,0.11705708633735251
FAM_0043_oos_00170,2025-02-04T03:15:00+00:00,2025-02-04T03:16:00+00:00,long,range_breakout,FAM_0043,vwap_reversion_range_breakout_fixed_stop_fixed_tp_0043,range_breakout,tp,43864.39700274951,43929.45616540365,1.0,65.05916265414271,29.941621386881444,35.11754126726127,13.169077975222974,1.1985849340530168,0:01:00,1.0,114.13055425049242,-11.493477749507292,uptrend,low_vol,70.63088866549685,54.27997699999988,0.12121708467119491
FAM_0043_oos_00171,2025-02-04T04:13:00+00:00,2025-02-04T04:16:00+00:00,long,range_breakout,FAM_0043,vwap_reversion_range_breakout_fixed_stop_fixed_tp_0043,range_breakout,tp,43808.166621457305,43894.698656065724,1.0,86.53203460841905,51.45088849740984,35.08114611100921,13.155429791628453,1.226650418334395,0:03:00,3.0,117.84961154269695,-25.44814845730434,uptrend,high_vol,55.52161645282033,70.5433539285706,0.12040345811097221
FAM_0043_oos_00172,2025-02-04T07:50:00+00:00,2025-02-04T07:55:00+00:00,long,range_breakout,FAM_0043,vwap_reversion_range_breakout_fixed_stop_fixed_tp_0043,range_breakout,stop,42822.905524457805,42754.38715248119,1.0,-68.51837197661371,-102.74928904738931,34.2309170707756,12.836593901540848,-1.2136078771707532,0:05:00,5.0,56.03759654219175,-80.26865745780378,uptrend,low_vol,76.24399959354287,56.45841071428679,0.09906215400569242
FAM_0043_oos_00173,2025-02-04T08:09:00+00:00,2025-02-04T08:14:00+00:00,long,range_breakout,FAM_0043,vwap_reversion_range_breakout_fixed_stop_fixed_tp_0043,range_breakout,tp,42939.45604141335,43005.758404735054,1.0,66.3023633217017,31.924277543242347,34.37808577845936,12.89178216692226,1.202942589838381,0:05:00,5.0,100.4651845866465,-44.01276541335392,uptrend,low_vol,78.92615171876015,55.116814285714746,0.10158907252050553
FAM_0043_oos_00174,2025-02-04T08:31:00+00:00,2025-02-04T08:32:00+00:00,long,range_breakout,FAM_0043,vwap_reversion_range_breakout_fixed_stop_fixed_tp_0043,range_breakout,tp,42982.590421600005,43063.98581979342,1.0,81.39539819341735,46.97676769685998,34.41863049655737,12.906986436209014,1.2229326196406853,0:01:00,1.0,138.49718739999662,-9.439095600006112,uptrend,high_vol,62.13060119257453,66.55754935714243,0.10352184627107061
FAM_0043_oos_00175,2025-02-04T08:46:00+00:00,2025-02-04T08:47:00+00:00,long,range_breakout,FAM_0043,vwap_reversion_range_breakout_fixed_stop_fixed_tp_0043,range_breakout,tp,43189.12753051996,43268.11109387447,1.0,78.98356335450808,44.40066790475031,34.58289544975777,12.968585793659166,1.2197555315076023,0:01:00,1.0,124.37124148003932,-35.17085651995876,uptrend,high_vol,62.939946557375805,64.75360128571472,0.10643006774853744
FAM_0043_oos_00176,2025-02-04T13:51:00+00:00,2025-02-04T13:57:00+00:00,long,range_breakout,FAM_0043,vwap_reversion_range_breakout_fixed_stop_fixed_tp_0043,range_breakout,tp,41656.667008916906,41738.07344292436,1.0,81.40643400745466,48.04853782671816,33.3578961807365,12.50921106777619,1.2257196422306251,0:06:00,6.0,114.45541008309374,-14.469155916907766,uptrend,high_vol,77.38588003225972,66.41521535714439,0.07335642052225266
FAM_0043_oos_00177,2025-02-04T14:14:00+00:00,2025-02-04T14:32:00+00:00,long,range_breakout,FAM_0043,vwap_reversion_range_breakout_fixed_stop_fixed_tp_0043,range_breakout,tp,41931.37823942141,42020.5037465791,1.0,89.12550715769612,55.544754363295915,33.580752794400205,12.592782297900078,1.2328015396713685,0:18:00,18.0,154.5098955785943,-72.94851542140532,uptrend,high_vol,61.212000722778704,72.29509721428622,0.07926778154596063
FAM_0043_oos_00178,2025-02-04T14:46:00+00:00,2025-02-04T14:48:00+00:00,long,range_breakout,FAM_0043,vwap_reversion_range_breakout_fixed_stop_fixed_tp_0043,range_breakout,tp,42393.42301874386,42469.95646070023,1.0,76.53344195637328,42.58809016459564,33.94535179177764,12.729506921916613,1.2185546834230083,0:02:00,2.0,95.9365542561427,-18.174894743860932,uptrend,high_vol,93.63706466031608,62.80673571428633,0.08909671392866735
FAM_0043_oos_00179,2025-02-04T15:03:00+00:00,2025-02-04T15:04:00+00:00,long,range_breakout,FAM_0043,vwap_reversion_range_breakout_fixed_stop_fixed_tp_0043,range_breakout,tp,42569.43808804451,42635.572276561594,1.0,66.13418851708411,32.05218437124167,34.08200414584244,12.780751554690916,1.2035922589216428,0:01:00,1.0,88.86097295548825,-7.7266980445128866,uptrend,low_vol,62.61899069238485,54.94733621428687,0.09318394858838681
FAM_0043_oos_00180,2025-02-04T15:29:00+00:00,2025-02-04T15:30:00+00:00,long,range_breakout,FAM_0043,vwap_reversion_range_breakout_fixed_stop_fixed_tp_0043,range_breakout,tp,42915.476055955005,43005.06981339805,1.0,89.5937574430427,55.225539095301485,34.36821834774122,12.888081880402957,1.2313307491020518,0:01:00,1.0,150.30018104499322,-20.486593955007265,uptrend,high_vol,62.16497290684255,72.76173157143005,0.10099890526729871
FAM_0043_oos_00181,2025-02-04T15:45:00+00:00,2025-02-04T15:55:00+00:00,long,range_breakout,FAM_0043,vwap_reversion_range_breakout_fixed_stop_fixed_tp_0043,range_breakout,stop,43505.0083645388,43418.039285457824,1.0,-86.96907908097637,-121.73829814097502,34.76921905999865,13.038457147499493,-1.1890561924074514,0:10:00,10.0,67.68743246119993,-98.46489653879689,uptrend,high_vol,91.26760454715709,73.14126921428604,0.11236790184771123
FAM_0043_oos_00182,2025-02-04T16:39:00+00:00,2025-02-04T16:47:00+00:00,long,range_breakout,FAM_0043,vwap_reversion_range_breakout_fixed_stop_fixed_tp_0043,range_breakout,stop,43532.227548804105,43452.408086843796,1.0,-79.81946196030913,-114.61331621456829,34.79385425425916,13.047695345347185,-1.197826221055956,0:08:00,8.0,85.48750819589623,-104.07677680410416,uptrend,high_vol,59.065146469859435,66.63692992857146,0.11300302468136005
